distance_km,traffic_level,weather_condition,vehicle_condition,delivery_priority,delayed
107,Medium,Stormy,Fair,High,0
440,Low,Stormy,Fair,Low,1
353,Low,Clear,Fair,Medium,0
275,Medium,Stormy,Good,High,0
111,Medium,Foggy,Fair,Medium,1
76,Medium,Rainy,Poor,Low,0
193,High,Stormy,Poor,Medium,1
25,High,Stormy,Good,High,0
107,Medium,Clear,Poor,Low,0
126,Medium,Foggy,Good,High,0
471,Medium,Stormy,Fair,Low,1
219,High,Clear,Fair,Low,0
335,High,Stormy,Fair,Low,1
463,Low,Clear,Poor,Medium,0
92,Low,Clear,Good,High,0
377,Medium,Foggy,Fair,High,1
104,High,Stormy,Good,High,0
364,High,Foggy,Fair,Low,1
156,High,Clear,Poor,Medium,1
135,Medium,Rainy,Poor,Low,0
154,Low,Stormy,Good,High,0
313,Medium,Rainy,Poor,Medium,1
262,Low,Stormy,Poor,Medium,1
348,Low,Foggy,Good,Medium,1
496,Medium,Foggy,Fair,High,1
418,Low,Foggy,Poor,Medium,1
298,Low,Foggy,Good,Medium,0
390,High,Foggy,Poor,Low,1
196,Low,Rainy,Poor,Low,1
448,Medium,Foggy,Poor,Medium,1
281,Medium,Clear,Poor,Medium,0
165,Low,Clear,Good,Low,0
464,High,Rainy,Good,Low,1
318,High,Stormy,Good,Low,1
26,Low,Clear,Poor,High,0
257,Low,Stormy,Poor,High,1
240,Medium,Rainy,Poor,Low,1
349,Low,Stormy,Good,Medium,1
53,High,Stormy,Poor,Low,1
479,Low,Stormy,Fair,High,1
63,Medium,Stormy,Poor,Medium,0
174,Medium,Rainy,Fair,High,0
480,Medium,Clear,Poor,Medium,1
192,Medium,Foggy,Good,High,0
468,Medium,Stormy,Poor,Medium,1
275,Low,Clear,Fair,Medium,0
194,Low,Clear,Fair,Medium,0
450,Low,Rainy,Poor,Medium,0
179,Low,Clear,Fair,High,0
450,Medium,Rainy,Fair,High,1
55,High,Stormy,Good,Medium,1
368,Low,Stormy,Poor,Medium,1
59,High,Foggy,Poor,High,1
248,Low,Foggy,Poor,Medium,1
324,Low,Foggy,Fair,Medium,1
135,High,Clear,Poor,Medium,0
489,Medium,Stormy,Poor,Low,1
311,Low,Rainy,Good,Medium,0
139,Low,Foggy,Good,Low,0
25,Low,Rainy,Good,Medium,0
333,High,Rainy,Fair,High,1
171,Medium,Foggy,Poor,Low,1
278,High,Stormy,Good,Low,1
392,High,Foggy,Good,Medium,1
93,Medium,Rainy,Good,Medium,0
320,High,Foggy,Poor,Low,1
18,Medium,Rainy,Poor,High,0
246,Low,Rainy,Poor,High,0
269,Medium,Foggy,Fair,Medium,0
350,Low,Clear,Fair,High,0
57,High,Foggy,Good,High,0
390,High,Clear,Poor,Medium,1
344,Low,Rainy,Good,High,0
96,High,Rainy,Poor,Medium,1
371,Medium,Clear,Poor,Low,1
448,Low,Rainy,Poor,Medium,1
459,High,Clear,Fair,Low,1
432,Low,Clear,Fair,Low,0
268,Medium,Rainy,Poor,High,1
435,Medium,Stormy,Good,High,0
39,High,Clear,Poor,High,0
210,Medium,Foggy,Poor,Medium,1
85,Low,Foggy,Good,High,0
424,Medium,Rainy,Poor,Low,1
54,Low,Stormy,Good,High,0
364,Low,Rainy,Fair,High,0
392,Medium,Stormy,Fair,Medium,1
6,High,Clear,Good,Medium,0
394,Medium,Clear,Fair,Low,1
58,Low,Clear,Fair,Medium,0
110,Low,Clear,Good,High,0
264,Medium,Foggy,Fair,Medium,1
314,High,Foggy,Poor,Low,1
481,High,Rainy,Poor,High,1
195,Low,Stormy,Good,Low,1
406,Low,Clear,Fair,Medium,0
222,High,Clear,Poor,Medium,0
48,Medium,Stormy,Poor,Low,1
166,Low,Stormy,Fair,High,0
206,Low,Rainy,Fair,Medium,0
450,High,Stormy,Poor,Medium,1
488,Medium,Clear,Poor,High,0
274,High,Clear,Good,Medium,0
355,Medium,Clear,Good,Low,0
308,Medium,Clear,Poor,Medium,1
275,Medium,Clear,Good,Medium,0
460,Low,Rainy,Poor,High,1
466,High,Clear,Poor,Low,1
219,High,Rainy,Good,High,0
256,Medium,Clear,Good,Medium,0
194,Low,Foggy,Fair,Medium,0
300,Low,Foggy,Fair,High,0
217,High,Foggy,Fair,High,1
212,Low,Foggy,Poor,High,1
241,Low,Rainy,Good,Low,0
342,Medium,Rainy,Poor,Medium,1
371,Low,Stormy,Good,High,0
57,Medium,Clear,Poor,Medium,0
284,High,Foggy,Fair,Low,1
414,Low,Rainy,Fair,Low,0
221,High,Clear,Fair,Low,1
256,High,Clear,Poor,Low,1
192,Low,Rainy,Good,Medium,0
384,Low,Foggy,Good,Low,1
497,High,Stormy,Fair,Low,1
45,Low,Clear,Fair,High,0
161,Medium,Stormy,Fair,Low,1
19,Medium,Foggy,Fair,High,0
305,Low,Foggy,Good,Low,1
69,High,Stormy,Poor,Low,1
349,Low,Foggy,Poor,High,1
331,Low,Clear,Poor,Low,1
13,High,Stormy,Poor,Medium,1
348,High,Foggy,Fair,Medium,1
133,Medium,Stormy,Fair,Low,0
496,High,Clear,Fair,Medium,1
140,Medium,Foggy,Poor,High,0
476,High,Clear,Fair,Low,1
67,Low,Foggy,Fair,Low,1
143,Medium,Rainy,Good,High,0
85,Medium,Foggy,Good,High,0
396,Medium,Stormy,Fair,High,1
167,Low,Foggy,Good,Low,0
423,Low,Clear,Good,High,0
293,Low,Clear,Fair,High,0
383,Low,Foggy,Fair,Medium,1
265,Low,Stormy,Fair,Medium,1
494,Medium,Rainy,Fair,Low,1
235,Low,Stormy,Poor,Medium,1
45,Medium,Rainy,Poor,Medium,1
32,Low,Clear,Fair,High,0
139,High,Stormy,Good,High,1
205,Medium,Rainy,Fair,Medium,0
332,High,Foggy,Fair,Medium,1
272,Medium,Clear,Good,Medium,0
422,High,Foggy,Poor,Low,1
37,Low,Clear,Fair,Low,0
52,Low,Stormy,Fair,Low,0
411,Low,Stormy,Poor,Medium,1
66,Medium,Clear,Poor,Medium,0
220,High,Clear,Good,Low,0
297,Low,Clear,Poor,Low,0
103,High,Stormy,Poor,Medium,1
176,High,Rainy,Poor,High,1
364,Low,Foggy,Good,Low,1
218,Low,Foggy,Poor,Medium,1
479,High,Stormy,Poor,Medium,1
39,Low,Foggy,Good,High,0
453,Low,Clear,Poor,Medium,0
231,Low,Rainy,Poor,Medium,1
105,Medium,Foggy,Good,Low,0
435,High,Rainy,Fair,Low,1
466,High,Clear,Good,High,1
135,Medium,Foggy,Poor,High,0
261,High,Stormy,Poor,Medium,1
9,Low,Rainy,Poor,Low,0
222,High,Clear,Good,High,0
259,Low,Rainy,Poor,High,1
402,Medium,Foggy,Poor,High,1
363,Low,Foggy,Good,Medium,0
287,High,Stormy,Fair,Low,1
397,High,Clear,Fair,High,1
211,High,Clear,Poor,Low,1
19,Medium,Stormy,Good,High,0
350,Medium,Stormy,Poor,High,1
46,High,Clear,Good,Low,0
384,Low,Rainy,Good,Low,0
465,Medium,Rainy,Fair,Low,1
183,High,Stormy,Fair,Medium,1
67,High,Rainy,Good,High,0
356,Medium,Clear,Poor,Medium,0
235,Medium,Foggy,Fair,Low,1
245,Medium,Foggy,Poor,High,1
56,Low,Rainy,Fair,Medium,0
100,Low,Stormy,Fair,High,0
392,High,Stormy,Poor,Medium,1
226,Medium,Stormy,Fair,Low,1
489,Low,Stormy,Fair,Medium,0
411,Medium,Stormy,Poor,High,1
235,High,Rainy,Fair,High,1
241,Low,Foggy,Fair,High,0
147,Low,Foggy,Fair,High,0
175,Low,Rainy,Poor,Low,1
33,High,Stormy,Good,Medium,0
40,Medium,Rainy,Poor,Low,1
17,Low,Foggy,Good,Low,0
164,High,Clear,Fair,Low,1
331,Medium,Rainy,Good,High,0
191,High,Stormy,Poor,High,1
247,Medium,Foggy,Poor,High,1
90,High,Foggy,Fair,Medium,0
288,Medium,Foggy,Good,High,0
70,Low,Foggy,Fair,Medium,0
174,Medium,Stormy,Fair,High,1
49,High,Clear,Poor,High,0
66,High,Foggy,Good,Low,1
445,Medium,Rainy,Good,Low,0
138,Low,Clear,Good,Low,0
288,Low,Foggy,Good,Medium,0
32,Medium,Clear,Fair,Medium,0
112,Medium,Rainy,Fair,High,0
48,High,Foggy,Poor,Medium,1
344,Low,Rainy,Fair,High,0
290,Medium,Stormy,Fair,Medium,0
450,Low,Foggy,Poor,Medium,1
335,Medium,Foggy,Poor,Medium,1
132,Medium,Foggy,Poor,Low,1
352,Low,Foggy,Fair,Medium,1
477,Medium,Stormy,Fair,Low,1
235,Medium,Foggy,Poor,Low,1
194,High,Clear,Poor,Medium,1
229,Medium,Foggy,Poor,High,1
389,Medium,Stormy,Fair,High,1
381,Medium,Foggy,Fair,High,1
287,High,Clear,Good,Medium,0
450,Low,Stormy,Fair,High,1
125,High,Stormy,Fair,Low,1
120,High,Clear,Fair,High,0
465,Low,Clear,Poor,Medium,0
237,High,Clear,Fair,High,1
263,Low,Clear,Poor,Low,0
363,High,Clear,Good,Medium,0
202,Low,Stormy,Good,High,0
460,Medium,Stormy,Poor,Medium,1
415,High,Foggy,Poor,Medium,1
141,High,Foggy,Poor,Medium,1
322,High,Rainy,Fair,High,1
169,High,Foggy,Good,Medium,1
229,Medium,Foggy,Poor,High,1
311,High,Clear,Fair,Low,1
238,Medium,Clear,Good,High,0
176,Medium,Foggy,Fair,Low,1
156,Medium,Rainy,Good,High,0
467,Medium,Clear,Fair,Medium,1
319,Low,Foggy,Good,High,0
378,Low,Foggy,Good,Medium,0
164,High,Stormy,Fair,Low,1
100,Low,Rainy,Poor,High,0
476,Low,Stormy,Good,Medium,0
237,High,Rainy,Poor,Low,1
184,High,Clear,Fair,Low,1
117,High,Rainy,Poor,High,1
322,Low,Foggy,Poor,Low,1
446,Low,Foggy,Poor,Medium,1
56,High,Rainy,Poor,Low,1
272,Medium,Rainy,Poor,Low,1
299,High,Rainy,Good,Medium,1
390,Medium,Stormy,Good,Low,1
391,Medium,Rainy,Good,Low,1
117,High,Clear,Fair,Low,0
105,High,Stormy,Poor,Low,1
117,High,Stormy,Good,Medium,1
444,Low,Rainy,Fair,Low,1
85,Medium,Clear,Good,Medium,0
191,Low,Stormy,Good,Low,0
117,Low,Foggy,Poor,Low,1
6,High,Stormy,Fair,Low,1
134,Low,Rainy,Poor,Low,0
224,High,Clear,Poor,Medium,0
58,Medium,Rainy,Good,Medium,0
347,High,Foggy,Poor,Medium,1
489,Low,Foggy,Fair,High,0
228,Low,Foggy,Poor,Low,1
229,High,Rainy,Poor,Low,1
389,High,Stormy,Poor,Medium,1
407,Low,Rainy,Good,High,0
130,Medium,Clear,Fair,Low,0
134,Medium,Stormy,Good,Medium,0
57,High,Foggy,Good,Low,1
176,Medium,Rainy,Good,Low,1
222,Low,Foggy,Good,Medium,0
164,High,Foggy,Good,Medium,1
202,Low,Clear,Fair,Low,0
420,Low,Stormy,Poor,Low,1
251,Medium,Clear,Good,Medium,0
328,High,Clear,Good,Low,1
443,High,Clear,Fair,Low,1
207,Medium,Foggy,Fair,Medium,1
188,Low,Clear,Poor,Low,1
127,Low,Clear,Fair,Low,0
405,Low,Stormy,Poor,High,1
259,Low,Stormy,Good,Medium,0
298,High,Clear,Good,High,0
284,High,Stormy,Poor,High,1
329,Medium,Stormy,Fair,High,1
376,Medium,Clear,Poor,Low,1
102,High,Foggy,Fair,Low,1
202,High,Clear,Good,High,0
474,Low,Stormy,Fair,High,0
399,Low,Foggy,Poor,High,1
244,Medium,Rainy,Poor,Low,1
148,High,Foggy,Good,High,1
101,Medium,Stormy,Fair,High,1
205,High,Foggy,Fair,Medium,1
128,Low,Clear,Fair,Medium,0
191,Medium,Rainy,Good,Low,1
330,Medium,Rainy,Fair,Medium,1
468,High,Rainy,Poor,Medium,1
353,Low,Stormy,Fair,Medium,1
263,Medium,Stormy,Good,Low,0
152,Low,Rainy,Fair,Medium,0
256,Medium,Foggy,Fair,Low,1
447,Low,Rainy,Poor,High,1
424,High,Foggy,Fair,Medium,1
407,Medium,Foggy,Poor,Low,1
350,Medium,Stormy,Poor,Medium,1
455,Low,Foggy,Good,High,0
151,Low,Rainy,Poor,Low,1
152,Medium,Stormy,Poor,Low,1
356,High,Clear,Good,Low,0
203,Low,Clear,Poor,High,0
312,Low,Stormy,Good,High,0
493,Low,Rainy,Fair,High,1
421,Medium,Clear,Good,Low,0
428,Medium,Clear,Poor,High,1
132,Medium,Foggy,Good,Medium,0
43,Medium,Foggy,Poor,High,1
342,High,Rainy,Fair,Low,1
364,High,Stormy,Good,Medium,1
133,Medium,Rainy,Fair,High,0
271,High,Stormy,Poor,Medium,1
480,Low,Clear,Poor,Medium,0
445,Low,Foggy,Fair,Low,1
477,Low,Rainy,Good,Medium,0
438,Medium,Rainy,Good,Medium,0
155,Low,Stormy,Poor,Low,1
419,High,Stormy,Fair,Low,1
482,Medium,Rainy,Fair,Low,1
302,High,Stormy,Good,Medium,1
103,Low,Rainy,Good,Medium,0
267,Low,Rainy,Good,Medium,0
256,Low,Rainy,Fair,Low,0
148,Medium,Clear,Good,High,0
350,High,Stormy,Good,Medium,1
116,Medium,Foggy,Poor,High,1
64,Medium,Foggy,Good,Low,1
373,Low,Stormy,Good,Medium,0
6,Medium,Rainy,Fair,High,0
389,Medium,Foggy,Fair,Medium,1
308,Low,Foggy,Poor,Medium,1
258,Medium,Stormy,Good,Medium,1
144,Low,Foggy,Poor,High,0
457,Low,Rainy,Fair,Low,1
41,Low,Stormy,Poor,Medium,0
164,Low,Rainy,Fair,Low,0
13,Medium,Foggy,Poor,Low,1
237,Low,Foggy,Poor,High,0
103,Low,Rainy,Good,High,0
151,Medium,Clear,Poor,Low,1
308,Medium,Foggy,Good,Medium,0
212,High,Clear,Good,High,0
135,Medium,Foggy,Good,Medium,0
408,Medium,Clear,Good,Medium,0
156,High,Clear,Poor,Medium,1
58,Medium,Clear,Fair,Low,0
124,Medium,Rainy,Fair,Medium,0
165,Medium,Clear,Fair,Low,0
412,Medium,Clear,Poor,Low,1
120,High,Clear,Good,Medium,0
79,Medium,Foggy,Fair,Medium,1
117,Medium,Clear,Poor,Medium,0
460,High,Foggy,Good,Medium,1
424,Low,Clear,Fair,Low,0
426,High,Clear,Good,Medium,0
108,Low,Rainy,Fair,Medium,0
344,High,Foggy,Fair,Low,1
258,High,Clear,Fair,High,1
231,Medium,Foggy,Good,High,1
116,Low,Foggy,Poor,Low,1
477,Medium,Stormy,Good,High,1
103,Low,Rainy,Fair,Low,0
157,High,Rainy,Good,Medium,0
353,High,Rainy,Poor,Medium,1
406,Low,Stormy,Good,High,0
388,Medium,Stormy,Poor,Medium,1
370,Medium,Rainy,Poor,High,1
342,Medium,Stormy,Good,High,1
198,Medium,Stormy,Fair,Medium,1
314,High,Stormy,Poor,Medium,1
167,High,Rainy,Good,High,0
212,High,Rainy,Poor,Medium,1
449,High,Rainy,Fair,Low,1
173,High,Stormy,Good,Medium,1
488,Medium,Rainy,Good,Medium,0
165,Medium,Stormy,Good,Low,0
72,Medium,Clear,Fair,Medium,0
293,Medium,Stormy,Poor,Medium,1
402,High,Foggy,Good,High,1
281,High,Rainy,Poor,Medium,1
308,High,Rainy,Poor,Medium,1
408,Low,Foggy,Fair,Low,1
388,Medium,Stormy,Good,High,1
396,Medium,Clear,Poor,High,0
139,High,Foggy,Good,High,0
199,Medium,Foggy,Good,Medium,0
405,Medium,Stormy,Fair,High,1
132,High,Rainy,Good,Low,1
37,Low,Stormy,Good,High,0
180,Low,Foggy,Poor,Low,1
464,Low,Foggy,Fair,High,0
447,High,Rainy,Good,High,0
375,Medium,Rainy,Poor,Low,1
474,High,Rainy,Fair,High,1
379,High,Stormy,Fair,High,1
26,Medium,Rainy,Poor,High,0
242,Low,Foggy,Poor,Medium,0
162,Low,Foggy,Poor,Low,1
42,High,Clear,Poor,High,1
234,Low,Stormy,Poor,Low,1
369,High,Clear,Good,Low,1
55,High,Foggy,Good,Low,0
442,Medium,Clear,Fair,High,0
268,Medium,Foggy,Good,High,0
287,Medium,Clear,Good,Low,0
31,High,Rainy,Good,Medium,0
230,Medium,Clear,Poor,Low,1
281,Low,Rainy,Fair,Medium,0
290,Low,Rainy,Fair,Low,1
101,High,Stormy,Fair,Low,1
288,High,Rainy,Fair,Low,1
371,Medium,Rainy,Good,High,0
452,High,Clear,Good,Medium,1
485,High,Foggy,Poor,Medium,1
457,Low,Stormy,Fair,Low,1
321,Low,Rainy,Good,High,0
308,Medium,Stormy,Good,High,1
151,High,Clear,Poor,Medium,1
8,High,Rainy,Poor,High,0
39,Low,Clear,Poor,Medium,0
196,High,Stormy,Good,Medium,1
53,Low,Clear,Good,Medium,0
21,Medium,Stormy,Poor,High,1
176,Low,Clear,Fair,Medium,0
224,High,Stormy,Poor,Medium,1
162,Medium,Foggy,Poor,Low,1
481,Low,Clear,Poor,Medium,1
50,Low,Clear,Poor,Medium,0
377,Medium,Foggy,Good,Low,1
10,Medium,Foggy,Fair,Low,0
103,Low,Clear,Poor,High,0
384,High,Foggy,Fair,Medium,1
237,Low,Rainy,Fair,High,0
41,Medium,Stormy,Fair,High,1
284,Low,Stormy,Poor,Low,1
353,Medium,Stormy,Good,High,1
306,Medium,Rainy,Poor,Medium,1
185,High,Foggy,Fair,Low,1
99,Medium,Foggy,Fair,Medium,0
103,Medium,Clear,Good,Medium,0
192,High,Foggy,Poor,Low,1
485,Medium,Clear,Fair,Medium,0
120,High,Rainy,Good,Low,0
195,High,Stormy,Fair,Medium,1
257,Medium,Stormy,Good,Low,1
473,Medium,Stormy,Good,High,1
420,Low,Foggy,Poor,Medium,1
475,High,Clear,Fair,Low,1
165,Low,Clear,Poor,Medium,0
260,Medium,Rainy,Fair,Medium,0
327,Low,Foggy,Poor,Medium,1
132,High,Rainy,Fair,Low,0
22,Low,Clear,Poor,High,0
285,High,Clear,Good,High,0
494,Medium,Stormy,Fair,High,1
227,Medium,Foggy,Fair,Low,1
58,High,Clear,Good,High,0
62,Medium,Stormy,Poor,Low,1
327,Medium,Foggy,Fair,Medium,1
364,Medium,Rainy,Fair,Medium,0
178,Medium,Foggy,Poor,High,1
284,High,Foggy,Good,Low,1
118,Low,Clear,Poor,Medium,0
292,Low,Clear,Poor,Low,1
435,Medium,Foggy,Poor,Low,1
346,Low,Clear,Fair,Medium,0
155,Low,Clear,Good,Low,0
454,Medium,Clear,Good,Medium,0
131,Medium,Stormy,Poor,Medium,0
159,Low,Stormy,Fair,Medium,1
494,High,Foggy,Poor,Low,1
390,Medium,Clear,Fair,Medium,0
478,High,Stormy,Fair,Low,1
277,Low,Foggy,Fair,Medium,0
108,Medium,Clear,Fair,Medium,0
421,High,Rainy,Good,High,0
397,Medium,Clear,Fair,High,1
303,Low,Clear,Fair,High,0
250,High,Stormy,Poor,Low,1
180,Low,Foggy,Poor,Low,1
43,Low,Foggy,Good,Medium,0
481,Medium,Stormy,Poor,Medium,1
174,High,Clear,Fair,Medium,1
251,Low,Rainy,Poor,Medium,0
30,Low,Clear,Good,Low,0
359,High,Clear,Poor,Medium,1
310,Low,Rainy,Poor,Medium,0
413,Low,Stormy,Good,High,1
412,High,Foggy,Good,Medium,1
17,High,Stormy,Fair,Medium,1
320,High,Stormy,Poor,Medium,1
395,High,Clear,Fair,Low,1
317,Medium,Foggy,Poor,High,1
40,High,Foggy,Poor,Medium,1
177,Medium,Stormy,Fair,Medium,1
24,Medium,Rainy,Poor,High,0
325,Medium,Stormy,Poor,Medium,1
268,Low,Rainy,Poor,Low,0
498,Medium,Foggy,Good,Medium,1
404,Medium,Stormy,Fair,Low,1
146,Low,Clear,Good,Low,0
464,Low,Stormy,Fair,Medium,1
375,Low,Foggy,Fair,High,1
475,High,Clear,Poor,Low,1
147,Low,Clear,Fair,High,0
96,Low,Rainy,Good,Medium,0
358,Medium,Clear,Good,Low,1
326,Low,Clear,Good,Medium,0
292,High,Stormy,Fair,High,1
219,Low,Foggy,Good,Medium,0
451,High,Rainy,Fair,Medium,1
346,Low,Stormy,Good,Low,1
55,Low,Clear,Good,Medium,0
157,Low,Clear,Fair,Medium,0
190,Low,Rainy,Good,Medium,0
67,High,Foggy,Poor,Low,1
194,High,Rainy,Fair,High,0
129,Medium,Stormy,Fair,High,0
154,High,Rainy,Fair,Medium,1
318,Low,Clear,Poor,Low,1
62,Medium,Stormy,Fair,Medium,0
346,Medium,Clear,Good,High,0
309,Medium,Foggy,Good,Low,1
184,Low,Clear,Good,High,0
174,High,Clear,Fair,High,0
330,Low,Rainy,Good,Low,0
275,Medium,Clear,Fair,Low,1
58,Low,Stormy,Good,Medium,0
495,Low,Stormy,Poor,Medium,1
448,High,Foggy,Poor,High,1
105,High,Stormy,Poor,Low,1
485,Medium,Rainy,Poor,Low,1
268,Low,Foggy,Fair,Medium,1
57,Low,Stormy,Good,High,0
64,High,Rainy,Poor,High,1
496,Low,Stormy,Fair,Medium,1
112,Low,Stormy,Poor,Low,0
9,Low,Clear,Poor,Medium,0
107,High,Stormy,Fair,Medium,0
200,Medium,Stormy,Fair,Medium,1
266,Medium,Rainy,Good,Medium,0
369,Low,Rainy,Good,Low,0
484,Medium,Clear,Poor,Medium,1
376,High,Stormy,Poor,Low,1
354,High,Clear,Good,Medium,1
51,Medium,Stormy,Good,High,0
359,Medium,Foggy,Fair,Low,1
315,Low,Foggy,Good,High,0
428,Medium,Clear,Good,Medium,0
312,Low,Clear,Poor,Medium,0
148,Low,Clear,Good,Medium,0
273,High,Rainy,Poor,Low,1
374,High,Rainy,Good,High,1
128,High,Rainy,Fair,Low,0
110,High,Clear,Good,Low,0
162,Medium,Stormy,Good,Medium,1
151,High,Foggy,Good,High,0
149,Medium,Clear,Poor,Medium,0
124,High,Rainy,Fair,Low,1
323,Medium,Rainy,Good,Medium,0
279,Low,Clear,Poor,High,0
96,Medium,Clear,Fair,Medium,0
62,Medium,Rainy,Poor,High,0
443,High,Stormy,Poor,High,1
350,Medium,Rainy,Fair,Medium,0
233,Low,Rainy,Good,Low,0
478,Low,Clear,Poor,Medium,0
121,High,Stormy,Poor,Low,1
322,Low,Rainy,Good,Low,0
283,Medium,Rainy,Good,Medium,0
131,Low,Foggy,Fair,Low,1
397,High,Clear,Fair,Low,1
400,Medium,Foggy,Fair,Medium,1
133,High,Foggy,Good,Medium,0
62,Medium,Rainy,Poor,Medium,0
126,Low,Clear,Poor,Low,0
5,High,Stormy,Fair,High,1
243,High,Rainy,Good,Low,0
294,Medium,Stormy,Poor,High,1
100,High,Stormy,Fair,Medium,1
130,Medium,Clear,Poor,High,0
122,Medium,Foggy,Poor,Medium,1
52,Medium,Clear,Good,Medium,0
93,Medium,Stormy,Good,High,0
492,Low,Rainy,Poor,Medium,0
241,Medium,Stormy,Fair,High,0
377,High,Rainy,Good,Medium,1
389,Low,Rainy,Poor,Low,1
276,High,Clear,Good,Low,0
193,Low,Stormy,Good,Medium,0
491,Medium,Foggy,Good,Medium,0
196,Low,Stormy,Poor,High,1
451,Low,Stormy,Fair,Low,1
73,High,Foggy,Fair,High,1
282,High,Clear,Fair,Medium,0
353,Medium,Stormy,Good,Medium,1
251,Low,Stormy,Poor,High,1
455,Low,Rainy,Good,Medium,0
80,Low,Stormy,Fair,Low,1
158,Medium,Foggy,Fair,High,1
148,Medium,Rainy,Poor,Low,1
439,Medium,Clear,Good,Low,1
489,Medium,Rainy,Fair,Low,1
90,Medium,Foggy,Poor,High,1
189,High,Foggy,Good,Medium,1
289,Low,Rainy,Good,Low,0
466,Low,Clear,Fair,Low,1
224,Low,Rainy,Fair,Low,0
73,Low,Clear,Good,Medium,0
51,Low,Rainy,Good,Medium,0
98,Low,Foggy,Fair,High,0
242,Low,Stormy,Good,Medium,0
450,Low,Stormy,Fair,High,1
457,High,Clear,Good,High,0
208,Low,Clear,Fair,High,0
404,High,Clear,Poor,High,1
222,Medium,Foggy,Fair,High,1
478,Low,Rainy,Fair,Low,0
436,Medium,Foggy,Poor,Medium,1
345,Medium,Stormy,Good,Low,1
43,Medium,Clear,Poor,High,0
104,High,Rainy,Fair,Medium,0
293,Medium,Stormy,Good,Low,1
258,Medium,Stormy,Poor,Low,1
226,Medium,Stormy,Good,High,1
361,Low,Foggy,Good,Low,1
27,Low,Clear,Poor,Low,0
254,High,Stormy,Good,Low,1
14,High,Clear,Poor,Low,1
250,Low,Foggy,Fair,Low,0
329,High,Stormy,Good,High,1
104,Low,Foggy,Fair,High,0
294,Medium,Foggy,Fair,Low,1
184,Medium,Clear,Good,High,0
227,High,Stormy,Poor,High,1
398,Low,Foggy,Good,Medium,1
254,Low,Stormy,Fair,Low,0
151,High,Clear,Fair,High,0
446,Low,Foggy,Poor,High,1
100,Medium,Clear,Good,Low,0
261,High,Stormy,Fair,Medium,1
329,High,Stormy,Fair,Low,1
497,Low,Clear,Fair,Medium,0
8,High,Rainy,Poor,Low,1
20,Low,Foggy,Fair,Low,0
284,Low,Stormy,Fair,Low,0
340,Low,Stormy,Good,Low,0
251,Low,Foggy,Good,Medium,0
262,Low,Clear,Fair,Medium,0
480,High,Clear,Fair,High,0
388,Medium,Clear,Good,Low,1
164,Medium,Rainy,Poor,Medium,1
479,High,Rainy,Poor,Medium,1
344,High,Stormy,Poor,Medium,1
156,Medium,Clear,Poor,Low,1
400,Medium,Foggy,Poor,High,1
182,Medium,Stormy,Poor,Medium,1
167,Medium,Foggy,Poor,Low,1
384,Medium,Stormy,Poor,Medium,1
37,Low,Rainy,Good,Medium,0
421,High,Stormy,Poor,High,1
449,Low,Rainy,Poor,Medium,0
183,Medium,Stormy,Poor,Medium,1
431,Medium,Clear,Fair,Low,0
105,Medium,Foggy,Good,Low,0
272,Low,Clear,Good,High,0
327,Low,Stormy,Good,Low,1
69,Medium,Stormy,Poor,Low,1
421,Low,Stormy,Poor,High,1
172,Low,Rainy,Fair,Medium,0
334,Medium,Foggy,Good,High,0
47,Low,Foggy,Poor,Low,1
48,High,Stormy,Good,High,0
289,High,Stormy,Fair,Medium,1
401,High,Rainy,Fair,High,1
16,High,Clear,Fair,Low,0
99,Medium,Clear,Good,Low,0
306,Medium,Foggy,Poor,High,1
390,Medium,Rainy,Poor,Medium,1
257,High,Stormy,Fair,High,1
246,High,Foggy,Poor,Medium,1
39,Low,Rainy,Fair,Medium,0
219,Low,Clear,Good,High,0
341,High,Rainy,Fair,Medium,1
94,High,Clear,Good,Low,0
268,High,Rainy,Fair,High,0
97,High,Foggy,Poor,Medium,1
414,Low,Clear,Poor,Low,0
462,High,Foggy,Fair,High,1
94,Low,Foggy,Poor,Low,1
422,High,Clear,Poor,Low,1
119,High,Clear,Poor,Low,0
109,High,Stormy,Good,Medium,0
395,Low,Stormy,Poor,High,1
200,Low,Stormy,Good,High,0
318,Medium,Foggy,Fair,Medium,1
118,High,Foggy,Poor,High,1
497,Medium,Stormy,Poor,Low,1
79,Medium,Foggy,Poor,High,0
417,Low,Foggy,Fair,Medium,1
380,Low,Clear,Good,Low,0
424,Medium,Clear,Good,Medium,0
221,High,Foggy,Poor,Low,1
281,Low,Stormy,Fair,Low,1
253,High,Rainy,Fair,High,1
168,High,Stormy,Fair,Low,1
398,Medium,Rainy,Fair,Medium,0
361,Medium,Stormy,Fair,High,1
461,Medium,Clear,Good,Medium,0
412,Medium,Foggy,Good,Low,1
196,Low,Foggy,Good,Medium,0
231,Low,Clear,Poor,Medium,0
181,Medium,Rainy,Fair,Low,1
103,Low,Rainy,Poor,High,0
40,Medium,Rainy,Fair,Medium,0
470,High,Clear,Good,Low,0
491,High,Rainy,Poor,High,1
100,High,Clear,Good,High,0
156,Medium,Stormy,Fair,High,1
155,High,Stormy,Fair,Medium,1
194,Low,Clear,Fair,Medium,0
228,High,Foggy,Good,Medium,0
41,High,Stormy,Fair,High,1
272,High,Rainy,Good,Medium,0
373,Low,Clear,Poor,Low,1
187,Medium,Rainy,Fair,Medium,0
17,Low,Rainy,Fair,Medium,0
283,Medium,Foggy,Fair,High,1
221,Medium,Rainy,Poor,Medium,1
359,High,Foggy,Fair,Low,1
365,Medium,Stormy,Good,High,0
290,Low,Clear,Good,Low,0
277,Low,Rainy,Fair,High,0
373,Medium,Clear,Fair,High,0
66,High,Rainy,Poor,Medium,1
88,High,Clear,Poor,Low,1
372,Low,Rainy,Poor,High,0
221,High,Rainy,Fair,Medium,1
346,Medium,Rainy,Poor,High,1
401,Medium,Rainy,Poor,High,1
191,Low,Rainy,Good,High,0
23,Medium,Rainy,Poor,High,1
181,Low,Rainy,Good,High,0
104,Medium,Rainy,Good,High,0
400,Low,Rainy,Poor,Medium,0
449,High,Clear,Good,High,0
237,Medium,Foggy,Fair,Low,1
407,Medium,Rainy,Fair,Medium,0
80,Low,Foggy,Poor,Low,1
269,Low,Rainy,Fair,High,0
459,Medium,Rainy,Good,Low,0
288,Low,Clear,Fair,High,0
210,Medium,Stormy,Poor,High,1
227,High,Stormy,Poor,Medium,1
388,Low,Clear,Good,Medium,0
56,Medium,Foggy,Poor,High,1
343,High,Stormy,Fair,Medium,1
371,High,Clear,Poor,Low,1
148,Medium,Clear,Good,Medium,0
377,Low,Stormy,Poor,Medium,1
73,Medium,Foggy,Fair,Low,1
103,High,Clear,Good,Medium,0
400,Medium,Rainy,Fair,High,1
29,Low,Foggy,Good,Low,0
440,High,Foggy,Poor,High,1
383,Medium,Stormy,Good,Low,1
473,Low,Stormy,Good,High,0
488,High,Rainy,Poor,High,1
57,Low,Clear,Fair,Medium,0
155,High,Stormy,Poor,High,1
148,Medium,Stormy,Good,Medium,0
61,Low,Foggy,Poor,Low,0
43,High,Stormy,Good,High,1
113,Low,Stormy,Poor,High,0
185,Low,Stormy,Poor,Low,1
46,Medium,Stormy,Fair,Low,0
190,Low,Foggy,Good,High,0
427,High,Rainy,Fair,Low,1
402,High,Rainy,Good,Medium,1
227,High,Clear,Poor,Low,1
126,High,Stormy,Good,Low,1
137,Medium,Foggy,Fair,High,0
167,Low,Clear,Fair,Medium,0
219,Medium,Clear,Fair,Low,0
225,Low,Rainy,Good,Medium,0
239,Low,Foggy,Fair,Medium,0
335,Low,Foggy,Fair,Medium,0
150,Medium,Foggy,Fair,High,0
243,Low,Rainy,Poor,Low,1
80,Medium,Rainy,Poor,High,0
13,High,Rainy,Good,Low,1
78,High,Rainy,Good,Low,0
446,Low,Rainy,Fair,High,0
496,Medium,Stormy,Poor,Medium,1
405,High,Stormy,Fair,Medium,1
257,Medium,Foggy,Fair,Low,1
234,Medium,Clear,Poor,High,1
11,Low,Foggy,Poor,Medium,0
178,High,Clear,Poor,Medium,1
145,Low,Rainy,Good,Low,0
172,Low,Clear,Good,Low,0
174,High,Foggy,Fair,High,1
397,High,Foggy,Good,Low,1
438,Medium,Clear,Poor,Medium,1
287,High,Stormy,Poor,Medium,1
126,Medium,Rainy,Good,Medium,0
198,Medium,Rainy,Fair,Medium,0
9,Medium,Foggy,Fair,High,0
33,High,Stormy,Good,High,1
169,Low,Clear,Fair,Low,0
426,Medium,Rainy,Fair,Low,1
343,Low,Stormy,Fair,Low,1
140,Low,Rainy,Poor,High,0
369,High,Stormy,Poor,Medium,1
325,Low,Stormy,Good,Low,1
346,Low,Foggy,Poor,Medium,1
149,High,Rainy,Fair,Low,1
331,Medium,Clear,Poor,Low,1
221,Low,Foggy,Good,Low,1
305,High,Foggy,Poor,Low,1
136,Low,Clear,Fair,Low,0
296,Low,Foggy,Fair,Medium,0
74,Medium,Stormy,Good,Low,0
256,Low,Stormy,Poor,Medium,0
419,High,Rainy,Poor,High,1
279,Low,Rainy,Poor,Low,1
449,Medium,Clear,Fair,Medium,0
368,Medium,Rainy,Good,High,0
186,High,Stormy,Poor,High,1
171,Medium,Clear,Fair,High,0
95,Low,Clear,Fair,Medium,0
206,Medium,Rainy,Fair,Low,0
350,High,Stormy,Poor,Low,1
23,Medium,Clear,Poor,Medium,0
43,Medium,Stormy,Poor,Low,1
130,Medium,Stormy,Poor,Medium,1
455,High,Stormy,Poor,Low,1
177,Medium,Rainy,Poor,High,0
145,Medium,Foggy,Poor,Low,1
246,Low,Foggy,Poor,Medium,1
224,High,Clear,Poor,Medium,1
130,Medium,Stormy,Fair,High,0
62,High,Rainy,Poor,Medium,0
152,Medium,Stormy,Good,Low,1
480,Medium,Stormy,Fair,Low,1
460,Medium,Rainy,Poor,High,1
321,Low,Foggy,Good,Medium,1
387,Low,Stormy,Poor,High,1
365,Low,Stormy,Good,Low,1
427,High,Foggy,Good,High,1
5,High,Rainy,Good,Medium,0
391,Low,Clear,Good,High,0
465,High,Foggy,Fair,Medium,1
352,Medium,Clear,Fair,Medium,0
194,Medium,Clear,Good,Low,0
195,Medium,Foggy,Poor,Low,1
373,Low,Stormy,Good,Low,0
413,High,Clear,Fair,Medium,1
316,Low,Clear,Poor,High,0
421,High,Rainy,Fair,Medium,1
426,Medium,Stormy,Fair,Low,1
121,Low,Clear,Poor,Low,0
138,High,Rainy,Good,High,0
62,High,Stormy,Good,Low,1
48,Medium,Foggy,Good,Low,0
177,Low,Foggy,Good,Low,0
164,Low,Rainy,Poor,High,1
177,Low,Foggy,Poor,Medium,1
321,Medium,Clear,Poor,Low,1
307,Low,Stormy,Fair,High,1
153,Medium,Clear,Poor,Low,1
84,Medium,Clear,Good,High,0
378,Medium,Foggy,Fair,Low,1
217,High,Clear,Good,High,0
207,Low,Foggy,Good,Low,1
256,Low,Stormy,Poor,Medium,0
233,Medium,Stormy,Poor,Low,1
168,Medium,Clear,Good,High,0
231,Low,Rainy,Good,Low,0
151,Medium,Foggy,Fair,Medium,0
24,Low,Foggy,Poor,Low,1
445,High,Clear,Fair,High,1
406,Medium,Foggy,Fair,High,1
51,Low,Foggy,Fair,Medium,0
237,Medium,Rainy,Good,High,0
309,Low,Rainy,Fair,Low,1
18,Low,Clear,Fair,Low,0
147,Medium,Rainy,Good,Low,0
419,High,Clear,Poor,High,1
5,Low,Stormy,Poor,Low,1
377,Low,Clear,Fair,Low,0
58,Low,Stormy,Good,Low,0
378,High,Clear,Poor,Medium,1
263,High,Foggy,Fair,High,1
148,Medium,Rainy,Fair,High,0
475,High,Stormy,Good,High,1
445,Medium,Clear,Fair,Medium,1
463,Medium,Rainy,Poor,High,1
16,High,Clear,Good,Medium,0
334,Medium,Rainy,Poor,Medium,1
228,High,Rainy,Poor,High,1
276,Medium,Clear,Poor,Low,1
460,High,Stormy,Fair,Low,1
362,High,Stormy,Fair,High,1
464,Medium,Foggy,Poor,High,1
412,Low,Rainy,Poor,Medium,0
160,Medium,Foggy,Good,High,1
377,High,Foggy,Good,Medium,1
12,Low,Clear,Fair,High,0
126,Medium,Clear,Fair,Low,0
352,Medium,Clear,Good,Low,0
168,Medium,Rainy,Poor,High,1
94,Low,Clear,Fair,Medium,0
140,High,Clear,Poor,Low,1
190,Medium,Rainy,Good,Medium,0
320,Medium,Rainy,Fair,High,1
182,Medium,Stormy,Fair,High,1
32,Medium,Clear,Good,Low,0
224,Medium,Clear,Fair,High,0
361,High,Clear,Good,Low,0
45,High,Stormy,Fair,Medium,1
232,Medium,Clear,Good,Low,0
196,Low,Stormy,Fair,Low,1
415,High,Foggy,Poor,Medium,1
451,Low,Stormy,Poor,Low,1
149,High,Foggy,Poor,Low,1
205,Medium,Clear,Fair,High,0
421,High,Foggy,Fair,Medium,1
216,Medium,Stormy,Poor,Low,1
465,High,Rainy,Poor,Medium,1
224,Medium,Foggy,Good,Medium,1
244,Medium,Foggy,Good,Low,0
417,Medium,Clear,Good,High,0
401,Medium,Stormy,Poor,Medium,1
50,Low,Foggy,Poor,Low,1
39,Medium,Foggy,Poor,Medium,1
257,Low,Foggy,Good,High,0
394,Low,Foggy,Fair,High,1
86,Medium,Rainy,Poor,High,0
375,Low,Stormy,Fair,Low,1
260,High,Clear,Fair,Low,1
201,Medium,Clear,Fair,High,0
307,Low,Rainy,Good,Low,1
413,Medium,Stormy,Fair,High,1
454,Medium,Foggy,Poor,Low,1
14,Medium,Rainy,Good,High,0
316,Low,Stormy,Poor,Medium,1
290,High,Foggy,Poor,High,1
246,High,Rainy,Good,High,0
255,Low,Stormy,Poor,Low,1
369,Medium,Clear,Poor,Low,1
9,Low,Clear,Good,Low,0
123,Low,Stormy,Poor,Low,0
293,Low,Clear,Fair,Low,0
378,Medium,Stormy,Poor,Low,1
69,Low,Foggy,Fair,Medium,0
150,Medium,Stormy,Poor,High,0
228,Low,Foggy,Good,High,0
243,High,Rainy,Good,High,1
181,Low,Stormy,Poor,Medium,1
271,Low,Rainy,Good,High,0
345,High,Clear,Poor,Medium,1
286,Medium,Foggy,Good,Medium,0
67,Medium,Stormy,Fair,Medium,0
221,Low,Rainy,Poor,High,0
346,High,Foggy,Fair,Medium,1
319,Medium,Foggy,Fair,High,1
287,Low,Clear,Poor,High,0
181,High,Clear,Fair,Low,0
465,Medium,Foggy,Poor,Low,1
421,Medium,Foggy,Fair,Medium,1
102,High,Stormy,Poor,Medium,1
109,High,Foggy,Poor,High,1
103,High,Stormy,Good,Medium,0
389,High,Foggy,Poor,Medium,1
409,Low,Clear,Poor,High,0
315,High,Stormy,Fair,Medium,1
10,Medium,Rainy,Poor,Medium,1
480,Medium,Clear,Good,High,0
469,Low,Stormy,Fair,High,1
201,Medium,Stormy,Fair,Low,1
355,Medium,Rainy,Good,High,0
137,High,Stormy,Fair,Low,1
362,Medium,Foggy,Fair,Medium,1
263,Low,Rainy,Fair,High,0
441,High,Clear,Fair,High,0
27,High,Clear,Good,High,0
489,Low,Foggy,Good,Medium,0
57,High,Clear,Fair,Low,1
169,High,Stormy,Fair,Medium,1
206,Low,Stormy,Good,Medium,0
462,High,Foggy,Good,High,1
87,Low,Clear,Good,Low,0
149,Low,Clear,Fair,Medium,0
89,Medium,Foggy,Fair,High,0
82,Medium,Rainy,Poor,Medium,0
461,High,Clear,Good,Medium,0
370,High,Rainy,Fair,High,1
5,Low,Clear,Good,High,0
55,High,Clear,Fair,Low,0
177,Low,Clear,Good,Medium,0
209,Low,Clear,Fair,High,0
264,High,Stormy,Poor,High,1
450,Low,Rainy,Poor,Low,1
453,Medium,Rainy,Good,Low,1
373,High,Clear,Fair,High,0
492,Medium,Clear,Fair,Low,1
292,High,Rainy,Good,High,0
38,Low,Stormy,Fair,Medium,0
352,High,Foggy,Good,Low,1
99,Medium,Foggy,Fair,Medium,0
76,Low,Rainy,Good,Medium,0
43,High,Clear,Fair,Medium,0
158,High,Clear,Good,High,0
254,High,Stormy,Fair,Medium,1
166,Medium,Foggy,Poor,Medium,1
442,Medium,Stormy,Fair,Medium,1
122,High,Foggy,Good,High,1
263,Low,Rainy,Poor,Medium,0
383,Low,Foggy,Fair,Medium,1
310,Medium,Stormy,Poor,Low,1
272,Low,Stormy,Fair,High,1
453,Medium,Stormy,Poor,Medium,1
58,High,Rainy,Good,Low,0
240,Medium,Foggy,Fair,High,0
393,Medium,Foggy,Fair,High,1
482,High,Stormy,Good,High,1
226,Low,Foggy,Poor,High,0
255,Medium,Clear,Good,High,0
317,Medium,Clear,Good,High,0
405,High,Clear,Poor,Medium,1
116,Low,Foggy,Good,Medium,0
259,Medium,Rainy,Fair,Medium,0
307,High,Rainy,Fair,Medium,1
411,Medium,Rainy,Fair,Low,1
211,High,Rainy,Good,Medium,0
233,Low,Clear,Fair,High,0
345,Low,Clear,Fair,Medium,0
402,Low,Stormy,Fair,Medium,1
70,Low,Foggy,Fair,High,0
79,Medium,Foggy,Fair,Medium,0
439,Medium,Rainy,Fair,Medium,1
107,Low,Clear,Good,Medium,0
426,Low,Rainy,Fair,Low,1
196,Low,Stormy,Fair,Medium,1
256,Medium,Foggy,Poor,High,1
230,Low,Foggy,Good,High,0
298,Low,Rainy,Good,Medium,0
310,Low,Stormy,Good,Medium,0
102,High,Foggy,Good,Medium,0
342,Low,Stormy,Fair,High,0
290,High,Stormy,Fair,High,1
339,High,Rainy,Poor,Low,1
351,Low,Clear,Poor,Low,0
439,High,Rainy,Good,Low,1
451,Low,Clear,Poor,High,0
486,Medium,Stormy,Poor,Low,1
312,Medium,Clear,Good,Medium,0
253,Medium,Stormy,Good,Medium,0
170,Medium,Foggy,Poor,High,1
485,High,Foggy,Fair,Low,1
476,Low,Foggy,Poor,Medium,1
339,Low,Rainy,Poor,High,1
34,Low,Rainy,Fair,Low,0
251,Medium,Stormy,Fair,Medium,0
110,Medium,Foggy,Good,Low,0
55,Low,Rainy,Good,High,0
85,Medium,Foggy,Poor,Low,1
137,Low,Rainy,Fair,High,0
289,Low,Clear,Good,Low,0
392,Low,Clear,Poor,Medium,0
142,Low,Foggy,Fair,High,0
188,Low,Stormy,Poor,High,1
405,Low,Rainy,Good,High,0
334,Low,Rainy,Good,Low,0
277,Medium,Clear,Fair,Low,0
344,Low,Clear,Poor,Medium,1
476,Low,Stormy,Fair,High,1
73,Medium,Stormy,Good,High,0
38,Medium,Stormy,Good,Low,1
266,Medium,Foggy,Poor,Low,1
57,Low,Clear,Poor,Medium,0
454,High,Foggy,Poor,Medium,1
209,High,Clear,Fair,Low,0
130,Medium,Clear,Poor,High,0
239,High,Rainy,Poor,Medium,1
47,Medium,Clear,Good,Low,0
244,Low,Clear,Good,Low,0
463,High,Foggy,Poor,High,1
375,Low,Clear,Poor,Low,0
115,High,Foggy,Good,Low,1
253,Low,Stormy,Poor,Medium,1
155,High,Clear,Fair,Low,0
187,Low,Clear,Fair,Low,0
340,Low,Foggy,Fair,Medium,1
99,High,Stormy,Poor,High,1
463,Low,Rainy,Good,High,0
378,Low,Stormy,Poor,Medium,1
404,Low,Foggy,Poor,Medium,1
12,High,Stormy,Good,High,1
392,High,Foggy,Good,High,1
364,Low,Foggy,Good,High,1
392,Low,Rainy,Fair,High,1
188,High,Clear,Poor,High,0
285,High,Foggy,Good,Medium,1
199,Low,Foggy,Poor,Low,1
356,Low,Rainy,Fair,High,0
199,Low,Foggy,Fair,High,0
159,Medium,Clear,Good,Low,0
97,High,Rainy,Good,Low,0
164,Medium,Clear,Poor,Low,1
438,High,Clear,Good,Low,1
65,High,Rainy,Poor,Low,1
126,High,Foggy,Good,Low,0
55,High,Clear,Poor,Medium,1
407,High,Clear,Poor,Low,1
281,High,Clear,Poor,Low,1
9,High,Clear,Poor,Medium,1
470,Medium,Rainy,Fair,Low,1
96,Low,Rainy,Poor,High,0
174,Low,Stormy,Good,High,0
321,Medium,Stormy,Fair,Low,1
26,Medium,Clear,Fair,Medium,0
409,Medium,Foggy,Poor,High,1
330,Medium,Clear,Fair,Medium,0
5,High,Foggy,Poor,High,1
137,Low,Clear,Good,Low,0
237,High,Stormy,Poor,Medium,1
16,Low,Stormy,Fair,Medium,0
350,Low,Foggy,Good,Medium,1
50,Medium,Clear,Poor,High,0
38,High,Foggy,Good,High,0
437,Medium,Stormy,Good,High,0
82,High,Clear,Fair,Low,0
222,Low,Clear,Good,High,0
305,Medium,Foggy,Fair,Low,1
415,Medium,Rainy,Good,Medium,0
77,Low,Foggy,Poor,Medium,1
286,Low,Stormy,Good,Low,0
253,Low,Stormy,Poor,High,1
51,Medium,Stormy,Poor,Low,1
125,High,Stormy,Good,Medium,0
218,Medium,Stormy,Poor,Medium,1
243,High,Rainy,Good,Low,1
60,Medium,Clear,Good,High,0
354,Medium,Foggy,Poor,High,1
111,Low,Foggy,Poor,Low,1
323,High,Stormy,Fair,Low,1
52,Medium,Foggy,Poor,High,1
65,Medium,Stormy,Fair,Medium,0
341,Low,Rainy,Poor,Low,1
30,Low,Rainy,Good,High,0
296,High,Clear,Poor,High,1
261,Medium,Rainy,Good,Medium,0
12,High,Rainy,Good,Medium,0
117,Medium,Clear,Good,Medium,0
359,High,Foggy,Fair,Medium,1
257,Low,Stormy,Poor,Medium,1
184,Medium,Stormy,Good,Low,0
211,High,Foggy,Good,High,1
307,Low,Clear,Fair,Low,0
131,Low,Foggy,Poor,Low,0
60,High,Rainy,Poor,Low,1
218,Medium,Clear,Fair,Low,1
18,Medium,Clear,Fair,Low,0
478,Low,Clear,Poor,Medium,0
32,Medium,Stormy,Fair,Medium,1
475,Medium,Foggy,Poor,High,1
82,Medium,Clear,Poor,Low,0
220,Low,Clear,Good,High,0
390,High,Clear,Good,Medium,0
369,Medium,Foggy,Poor,Medium,1
158,Low,Stormy,Poor,Medium,0
18,Low,Rainy,Poor,Low,0
191,High,Stormy,Poor,Low,1
316,Medium,Clear,Poor,Medium,1
375,Medium,Stormy,Poor,High,1
11,High,Stormy,Fair,High,1
7,High,Rainy,Poor,Medium,0
115,Low,Foggy,Fair,High,0
411,Low,Foggy,Fair,Medium,1
242,High,Stormy,Poor,High,1
367,Medium,Stormy,Poor,Medium,1
243,Low,Foggy,Fair,High,1
497,Low,Foggy,Fair,Low,1
278,Medium,Rainy,Poor,Medium,0
298,Low,Clear,Poor,Medium,0
231,Medium,Stormy,Fair,High,1
375,Medium,Foggy,Fair,Medium,1
19,Medium,Stormy,Fair,Medium,1
196,High,Stormy,Good,Medium,1
477,High,Foggy,Fair,Low,1
123,High,Rainy,Good,Low,1
489,Medium,Stormy,Poor,High,1
32,Medium,Rainy,Poor,Low,1
206,High,Foggy,Fair,High,1
43,Low,Clear,Poor,Low,0
445,Medium,Clear,Poor,High,1
277,Low,Stormy,Poor,Low,1
235,Low,Foggy,Poor,Low,1
90,Medium,Rainy,Good,High,0
478,Medium,Stormy,Good,Medium,0
130,Low,Foggy,Fair,Medium,0
304,Low,Foggy,Fair,Low,1
29,High,Rainy,Fair,High,0
149,High,Stormy,Poor,Medium,1
17,Medium,Foggy,Poor,High,0
216,High,Foggy,Good,Medium,1
29,High,Foggy,Good,High,1
72,High,Rainy,Fair,Low,1
398,High,Stormy,Good,High,1
71,Low,Stormy,Good,Medium,0
237,Medium,Stormy,Good,Low,1
113,High,Stormy,Good,High,1
150,Low,Clear,Good,Medium,0
115,Low,Clear,Fair,Low,0
232,Low,Stormy,Fair,High,0
115,High,Rainy,Good,Medium,0
474,High,Clear,Fair,High,0
38,Medium,Foggy,Poor,High,0
115,High,Clear,Good,Low,0
268,High,Foggy,Poor,Low,1
428,Low,Stormy,Fair,Medium,0
373,Medium,Clear,Fair,Low,1
240,High,Rainy,Poor,Medium,1
87,High,Clear,Fair,High,0
46,Low,Clear,Good,High,0
429,Low,Clear,Poor,Medium,1
105,High,Stormy,Good,High,0
10,Medium,Rainy,Poor,Low,1
184,Medium,Clear,Fair,High,0
286,Low,Rainy,Poor,Low,1
324,Low,Stormy,Poor,Medium,1
230,High,Foggy,Good,Medium,0
447,Low,Clear,Fair,High,0
444,High,Rainy,Good,High,0
319,Medium,Rainy,Fair,Low,1
369,Medium,Stormy,Good,Low,1
458,High,Clear,Poor,High,1
233,Low,Foggy,Good,High,0
381,Medium,Rainy,Fair,Medium,1
293,Low,Clear,Fair,Medium,0
441,Medium,Foggy,Poor,Medium,1
154,High,Rainy,Fair,High,1
281,High,Rainy,Good,High,0
202,High,Foggy,Poor,High,1
74,Medium,Foggy,Fair,Medium,0
116,Low,Stormy,Fair,High,0
8,Low,Clear,Good,Low,0
354,Low,Clear,Good,High,0
335,Medium,Stormy,Poor,High,1
450,Medium,Rainy,Fair,High,0
322,Medium,Foggy,Good,High,0
354,Medium,Foggy,Poor,High,1
99,Medium,Foggy,Fair,Low,0
156,Low,Rainy,Fair,Low,0
315,Medium,Foggy,Poor,High,1
141,Medium,Foggy,Poor,Medium,1
251,Low,Stormy,Good,High,0
391,Medium,Rainy,Fair,High,0
247,Low,Clear,Fair,High,0
35,Low,Stormy,Fair,Medium,0
44,High,Stormy,Poor,Medium,1
233,High,Clear,Good,Medium,0
40,High,Stormy,Fair,Low,1
412,High,Rainy,Poor,Medium,1
227,Medium,Foggy,Fair,Low,1
10,High,Rainy,Good,Low,0
326,Low,Clear,Fair,Medium,0
472,Medium,Clear,Good,Medium,0
224,High,Stormy,Good,Medium,1
79,Low,Rainy,Fair,Low,0
8,Medium,Rainy,Fair,High,0
339,Medium,Clear,Good,Medium,0
138,High,Rainy,Poor,Medium,1
122,Medium,Clear,Good,Medium,0
373,Low,Rainy,Fair,Low,0
98,Medium,Rainy,Fair,Low,0
490,Low,Rainy,Poor,High,1
439,Medium,Clear,Good,Medium,0
66,High,Stormy,Good,Low,0
445,Low,Rainy,Good,High,0
198,Medium,Clear,Fair,Medium,0
339,Medium,Clear,Good,Low,0
207,Medium,Rainy,Poor,Medium,0
396,Low,Rainy,Fair,Medium,1
30,Low,Stormy,Fair,Low,1
439,Low,Clear,Good,Low,0
177,High,Clear,Poor,Low,1
304,High,Foggy,Fair,Medium,1
137,Low,Clear,Fair,Medium,0
330,Medium,Stormy,Good,High,1
414,High,Foggy,Good,Medium,1
122,Low,Foggy,Poor,Low,1
328,Medium,Foggy,Good,Medium,1
279,High,Rainy,Poor,High,1
216,Medium,Rainy,Fair,High,0
229,Medium,Clear,Poor,Low,1
24,Medium,Foggy,Poor,Low,1
117,Medium,Stormy,Poor,High,0
144,High,Rainy,Fair,High,0
51,High,Stormy,Good,High,0
5,High,Stormy,Fair,Low,1
94,Low,Rainy,Good,High,0
146,High,Rainy,Poor,High,1
324,Medium,Rainy,Poor,Low,1
42,High,Rainy,Poor,Medium,0
297,Medium,Foggy,Poor,Medium,1
386,Low,Foggy,Poor,High,1
143,Medium,Foggy,Good,Medium,0
360,Medium,Foggy,Good,Medium,1
337,Medium,Clear,Poor,Medium,0
495,Low,Foggy,Fair,Medium,0
263,High,Rainy,Fair,High,0
165,High,Stormy,Poor,Medium,1
394,Low,Foggy,Good,Medium,0
182,Medium,Clear,Fair,Low,0
14,High,Rainy,Fair,High,0
265,Low,Stormy,Fair,Low,1
411,High,Stormy,Poor,Low,1
142,Low,Foggy,Fair,High,0
176,Medium,Stormy,Fair,Medium,1
390,High,Foggy,Fair,Low,1
17,Low,Foggy,Fair,High,0
172,High,Rainy,Good,Medium,0
134,High,Rainy,Poor,High,0
88,High,Clear,Poor,Low,1
325,High,Rainy,Good,Medium,0
323,Low,Rainy,Good,Medium,0
105,Medium,Foggy,Poor,High,1
333,Low,Rainy,Fair,Medium,0
277,Low,Foggy,Fair,Low,0
269,Low,Foggy,Poor,Low,1
463,Medium,Rainy,Fair,Low,1
403,High,Clear,Good,High,1
412,High,Clear,Fair,Medium,1
42,High,Stormy,Fair,Medium,0
423,Medium,Stormy,Fair,Medium,1
98,High,Rainy,Poor,Low,1
99,Medium,Clear,Good,Medium,0
309,High,Foggy,Fair,Low,1
73,High,Stormy,Poor,Medium,1
322,Low,Foggy,Fair,Low,1
448,Medium,Stormy,Good,Medium,0
240,Low,Rainy,Fair,High,0
438,Low,Clear,Good,High,0
338,Low,Stormy,Fair,Low,1
377,Medium,Clear,Good,Low,0
380,Medium,Foggy,Fair,Medium,1
463,High,Rainy,Good,Medium,1
141,Low,Clear,Fair,High,0
422,High,Rainy,Fair,Medium,1
80,Low,Clear,Poor,Low,0
487,Medium,Foggy,Poor,Low,1
39,Medium,Foggy,Good,Low,0
5,Medium,Rainy,Fair,Low,1
300,Low,Foggy,Good,Low,0
324,Medium,Stormy,Poor,High,1
410,Low,Clear,Good,High,0
64,High,Foggy,Good,Low,1
324,Low,Stormy,Poor,Medium,1
353,High,Rainy,Fair,Low,1
332,Low,Stormy,Good,High,0
271,High,Rainy,Poor,Low,1
365,Medium,Rainy,Fair,High,1
233,High,Clear,Poor,High,1
274,Medium,Clear,Good,Low,0
320,Medium,Stormy,Fair,Low,1
290,High,Clear,Fair,Medium,0
295,Low,Clear,Poor,High,0
217,Low,Clear,Poor,Medium,0
169,Low,Stormy,Poor,Low,1
9,Low,Foggy,Fair,High,0
343,Low,Clear,Fair,Medium,0
383,Medium,Clear,Good,Medium,0
82,Low,Stormy,Fair,Medium,0
414,Medium,Foggy,Good,Low,1
66,Medium,Clear,Poor,Low,0
136,Medium,Rainy,Poor,Low,0
93,High,Stormy,Fair,High,1
241,High,Clear,Poor,Low,1
46,Medium,Clear,Poor,High,0
93,High,Rainy,Fair,Medium,0
406,Low,Rainy,Good,Medium,0
300,Low,Stormy,Fair,Low,1
332,Medium,Stormy,Good,Medium,0
299,Low,Rainy,Fair,Low,0
108,Medium,Stormy,Fair,High,0
18,Medium,Rainy,Poor,Medium,1
292,Low,Clear,Fair,Low,0
183,High,Rainy,Fair,Medium,1
129,Low,Rainy,Good,Medium,0
426,Low,Foggy,Poor,Low,1
357,Medium,Rainy,Good,Medium,0
27,Medium,Rainy,Good,Medium,0
67,Medium,Foggy,Poor,Medium,0
147,Medium,Stormy,Poor,Medium,1
485,High,Foggy,Poor,High,1
157,High,Clear,Fair,Medium,0
149,High,Foggy,Poor,Medium,1
229,Medium,Clear,Poor,Low,1
499,Medium,Stormy,Poor,High,1
454,Medium,Foggy,Good,Low,1
466,High,Foggy,Good,Low,1
313,Medium,Stormy,Fair,Low,1
108,Low,Clear,Good,High,0
108,Low,Foggy,Fair,Low,0
439,Medium,Clear,Good,Low,1
43,Low,Foggy,Poor,Low,1
439,Low,Rainy,Good,Medium,0
202,High,Foggy,Fair,Low,1
138,Medium,Stormy,Good,High,0
71,Medium,Stormy,Poor,High,0
395,High,Clear,Fair,Medium,1
183,Low,Foggy,Poor,High,0
460,Low,Clear,Poor,High,1
46,Medium,Clear,Fair,Medium,0
452,Low,Rainy,Poor,Low,1
19,High,Rainy,Poor,Medium,0
115,High,Stormy,Good,Low,1
161,Medium,Clear,Poor,Low,1
293,High,Stormy,Poor,High,1
482,High,Foggy,Poor,Medium,1
235,Medium,Clear,Poor,High,1
415,High,Clear,Fair,High,1
424,High,Foggy,Good,Low,1
161,High,Foggy,Poor,High,1
42,Low,Stormy,Poor,Medium,1
445,Medium,Stormy,Fair,High,1
101,Medium,Foggy,Poor,High,0
489,Medium,Stormy,Fair,Low,1
415,Low,Foggy,Good,Medium,0
443,Low,Clear,Good,High,0
293,Medium,Clear,Poor,Low,0
258,Low,Rainy,Poor,High,1
200,Medium,Clear,Poor,Medium,0
90,Low,Foggy,Fair,High,0
326,High,Stormy,Poor,High,1
14,High,Rainy,Poor,Low,1
9,Medium,Stormy,Good,High,0
127,Low,Foggy,Poor,Low,0
334,Low,Clear,Good,Medium,0
357,High,Rainy,Poor,High,1
122,High,Foggy,Good,Medium,1
298,Low,Rainy,Poor,Medium,1
401,Low,Rainy,Good,High,0
163,Low,Clear,Fair,Low,0
307,Low,Foggy,Good,Medium,0
232,Low,Stormy,Good,Medium,0
369,Low,Rainy,Good,High,0
220,Medium,Rainy,Poor,High,1
440,Low,Stormy,Poor,High,1
188,High,Foggy,Poor,High,1
19,Medium,Rainy,Fair,High,0
161,Low,Rainy,Fair,High,0
140,High,Rainy,Good,Low,1
265,Medium,Foggy,Fair,Medium,1
161,High,Foggy,Good,Low,1
51,Low,Stormy,Good,Low,0
328,Low,Foggy,Good,High,1
336,Low,Foggy,Fair,Medium,0
177,Low,Clear,Poor,Low,0
134,Medium,Stormy,Fair,High,0
415,Medium,Rainy,Good,High,0
99,High,Foggy,Good,Medium,0
119,Low,Rainy,Fair,Low,0
247,High,Rainy,Good,Low,1
424,Medium,Clear,Good,Low,0
296,Low,Foggy,Fair,High,0
286,Low,Stormy,Fair,Medium,0
303,Medium,Foggy,Fair,Medium,1
287,Medium,Rainy,Good,Low,0
73,Medium,Stormy,Good,High,0
152,Medium,Foggy,Poor,Low,1
15,Medium,Rainy,Poor,Medium,1
258,Low,Rainy,Fair,High,0
334,Medium,Clear,Poor,Low,1
364,Low,Clear,Good,Low,0
42,Low,Clear,Poor,High,0
138,Medium,Rainy,Good,Medium,0
204,Medium,Foggy,Fair,High,0
27,Low,Clear,Fair,Low,0
307,Medium,Foggy,Good,Low,1
350,Medium,Clear,Poor,Low,1
306,Medium,Stormy,Fair,Low,1
367,High,Stormy,Fair,Medium,1
400,Low,Clear,Poor,Medium,0
222,High,Rainy,Poor,Low,1
145,Medium,Clear,Good,Medium,0
108,High,Clear,Poor,Medium,0
450,Medium,Rainy,Poor,Medium,1
214,High,Stormy,Poor,Low,1
477,Medium,Foggy,Good,High,1
485,High,Clear,Good,High,1
115,High,Rainy,Fair,High,0
108,High,Clear,Good,Low,0
320,Low,Rainy,Fair,Medium,0
175,High,Foggy,Poor,Medium,1
464,Low,Foggy,Fair,Low,1
496,Medium,Stormy,Fair,Low,1
360,High,Rainy,Poor,High,1
328,Medium,Rainy,Fair,High,1
137,Medium,Stormy,Good,Low,0
380,High,Stormy,Good,High,1
297,Low,Rainy,Good,Medium,0
332,High,Stormy,Good,Low,1
131,Medium,Foggy,Fair,Low,1
110,Medium,Clear,Fair,Medium,0
96,High,Foggy,Poor,Medium,1
291,Low,Stormy,Fair,Medium,0
382,Low,Rainy,Fair,High,0
397,Medium,Rainy,Fair,Low,1
55,Medium,Foggy,Poor,High,1
33,Low,Rainy,Good,Medium,0
466,High,Stormy,Fair,High,1
300,Medium,Foggy,Poor,Medium,1
301,Low,Rainy,Poor,High,1
218,Medium,Clear,Poor,High,1
271,High,Clear,Good,Medium,0
411,Low,Stormy,Fair,High,1
261,Medium,Rainy,Poor,Low,1
306,High,Stormy,Good,High,1
105,Medium,Foggy,Poor,High,1
409,High,Clear,Poor,Low,1
350,High,Foggy,Poor,Medium,1
114,Low,Rainy,Poor,Low,0
424,High,Stormy,Poor,High,1
186,Medium,Stormy,Good,Medium,0
475,High,Stormy,Fair,High,1
317,High,Foggy,Fair,High,1
5,Low,Clear,Fair,Low,0
323,High,Foggy,Fair,Low,1
442,High,Foggy,Good,Medium,1
59,Medium,Rainy,Good,Medium,0
375,Low,Rainy,Good,Medium,0
428,Low,Rainy,Poor,High,1
403,Low,Clear,Poor,Low,1
153,High,Clear,Poor,Low,1
435,Low,Rainy,Fair,Low,1
461,High,Rainy,Poor,Medium,1
313,High,Clear,Fair,Low,1
141,Medium,Stormy,Poor,Low,1
206,Medium,Clear,Fair,Low,1
440,Medium,Clear,Poor,Medium,1
317,Medium,Clear,Poor,Low,1
121,Medium,Rainy,Good,Medium,0
158,High,Stormy,Poor,Low,1
429,High,Clear,Poor,Low,1
295,Low,Rainy,Good,Low,0
67,High,Foggy,Fair,Medium,0
248,High,Foggy,Good,Medium,0
29,Medium,Clear,Good,Low,0
94,High,Foggy,Fair,High,1
79,Medium,Stormy,Poor,Medium,1
298,Low,Foggy,Fair,Medium,0
390,Low,Foggy,Poor,Low,1
395,High,Stormy,Poor,High,1
214,Low,Clear,Fair,Low,0
479,High,Clear,Good,Medium,1
422,Low,Stormy,Fair,Medium,1
351,Medium,Stormy,Poor,Low,1
21,Medium,Stormy,Fair,Low,0
132,Medium,Foggy,Fair,High,0
431,Medium,Stormy,Poor,High,1
447,High,Rainy,Good,Medium,1
368,Low,Foggy,Fair,High,1
255,High,Clear,Poor,High,1
183,Medium,Clear,Poor,Medium,0
186,High,Clear,Fair,Medium,1
156,Low,Foggy,Good,Medium,0
29,High,Rainy,Fair,Medium,1
459,Low,Stormy,Good,Low,1
184,High,Stormy,Good,Medium,0
202,Low,Clear,Good,Medium,0
348,Low,Clear,Good,Medium,0
165,Medium,Foggy,Fair,High,0
181,Low,Rainy,Poor,Medium,1
289,Medium,Stormy,Poor,Low,1
67,Medium,Foggy,Poor,Low,1
495,Medium,Stormy,Poor,Medium,1
154,High,Clear,Poor,Low,1
158,High,Stormy,Poor,High,1
160,High,Rainy,Fair,Medium,1
374,High,Rainy,Good,Low,1
473,Low,Clear,Poor,Low,0
53,Low,Rainy,Fair,Medium,0
459,High,Rainy,Poor,Low,1
341,Low,Foggy,Poor,Medium,1
88,Low,Stormy,Good,Low,0
365,Medium,Clear,Good,High,0
181,Medium,Clear,Good,Low,0
152,Medium,Clear,Poor,Low,1
122,Medium,Clear,Poor,Medium,0
346,Low,Clear,Poor,Low,0
480,High,Rainy,Good,Medium,0
67,Low,Foggy,Fair,High,0
193,Low,Clear,Poor,Medium,0
364,Low,Foggy,Poor,Medium,1
53,Medium,Foggy,Poor,Low,1
331,Medium,Rainy,Fair,High,1
261,Medium,Clear,Poor,Medium,0
228,High,Rainy,Fair,Low,1
145,Low,Clear,Poor,Low,0
482,High,Rainy,Fair,Medium,1
219,Medium,Foggy,Poor,Low,1
439,High,Clear,Good,Medium,0
383,Low,Stormy,Good,Medium,1
444,Low,Foggy,Good,Medium,0
215,Medium,Stormy,Good,High,1
322,Medium,Foggy,Poor,Medium,1
36,High,Rainy,Good,Low,0
162,Medium,Clear,Fair,High,0
289,Medium,Foggy,Good,Low,1
309,Low,Rainy,Good,High,0
433,Medium,Clear,Good,High,0
481,Medium,Clear,Poor,High,1
290,Low,Foggy,Good,High,0
148,Low,Clear,Fair,Low,0
428,High,Foggy,Good,Medium,1
23,Medium,Clear,Good,Low,0
22,Low,Stormy,Good,Medium,0
261,High,Rainy,Fair,Low,1
82,High,Stormy,Good,High,1
375,Medium,Foggy,Fair,High,1
179,Medium,Stormy,Fair,Medium,0
198,High,Foggy,Good,Medium,1
480,Low,Clear,Fair,Low,1
117,High,Clear,Poor,Medium,1
118,Medium,Foggy,Good,Low,0
226,Low,Stormy,Good,Medium,0
170,Low,Clear,Fair,Medium,0
439,High,Rainy,Fair,Medium,1
323,Medium,Clear,Good,High,0
136,High,Rainy,Poor,High,1
389,High,Stormy,Fair,Low,1
268,High,Rainy,Fair,Medium,1
417,Low,Rainy,Poor,Low,1
59,Low,Rainy,Poor,Medium,0
363,Medium,Rainy,Good,High,0
135,Medium,Clear,Poor,High,0
292,High,Rainy,Good,Medium,1
270,High,Clear,Poor,Medium,0
462,High,Rainy,Fair,High,1
471,Medium,Foggy,Good,High,0
370,Low,Stormy,Good,Low,1
166,Low,Rainy,Good,High,0
384,High,Foggy,Poor,Medium,1
485,High,Rainy,Fair,Low,1
91,High,Rainy,Good,Medium,0
59,High,Rainy,Good,Low,1
480,Medium,Foggy,Good,Medium,1
292,Low,Stormy,Good,High,0
182,High,Foggy,Fair,Medium,1
395,Medium,Stormy,Poor,Low,1
353,High,Rainy,Fair,Medium,1
12,High,Clear,Good,Low,0
325,Low,Rainy,Fair,Medium,0
317,High,Stormy,Good,High,1
251,Low,Foggy,Poor,High,1
327,Low,Rainy,Poor,Medium,0
476,Low,Foggy,Poor,Medium,1
475,Medium,Foggy,Good,Medium,1
447,Medium,Foggy,Fair,Low,1
259,Low,Rainy,Poor,Medium,1
332,High,Foggy,Good,Medium,1
58,Low,Foggy,Good,Low,0
253,High,Rainy,Fair,High,1
243,Low,Foggy,Poor,Medium,1
233,High,Rainy,Good,Medium,0
71,Medium,Stormy,Fair,High,0
55,High,Stormy,Poor,High,1
101,Low,Stormy,Fair,Low,1
96,Medium,Foggy,Fair,Medium,1
499,High,Clear,Good,Medium,1
268,High,Clear,Good,Low,0
422,High,Foggy,Good,High,1
295,High,Clear,Fair,Low,1
100,High,Rainy,Good,High,0
92,Medium,Clear,Fair,Low,0
82,Medium,Foggy,Fair,High,0
292,Medium,Foggy,Good,Low,1
124,Medium,Rainy,Poor,High,0
306,Low,Stormy,Poor,High,1
495,Medium,Foggy,Poor,High,1
404,High,Rainy,Fair,High,1
456,High,Clear,Fair,High,0
169,Medium,Clear,Fair,Medium,0
186,High,Rainy,Good,High,1
473,Medium,Rainy,Fair,Medium,0
402,High,Foggy,Good,High,1
227,Low,Clear,Good,Medium,0
315,Low,Rainy,Poor,Medium,1
436,Medium,Clear,Poor,Low,1
470,Medium,Rainy,Poor,High,1
11,Medium,Clear,Good,Low,0
334,High,Stormy,Good,Low,1
267,Medium,Foggy,Good,High,0
165,Low,Clear,Fair,Low,0
155,High,Stormy,Good,High,1
89,Medium,Clear,Poor,Low,0
151,High,Clear,Poor,High,1
116,High,Stormy,Good,High,1
385,Medium,Clear,Good,High,0
407,High,Clear,Poor,Medium,1
40,Low,Foggy,Good,Low,0
289,Low,Stormy,Poor,Medium,0
192,High,Stormy,Fair,Low,1
86,Medium,Rainy,Poor,Low,1
6,High,Clear,Fair,Low,1
389,Low,Foggy,Good,Medium,1
307,High,Clear,Good,Low,0
201,High,Clear,Fair,Medium,0
408,Low,Rainy,Good,High,0
15,High,Clear,Fair,Low,1
238,High,Foggy,Good,Low,1
390,Medium,Foggy,Poor,High,1
199,Medium,Rainy,Good,High,0
475,Low,Clear,Poor,Low,1
123,Low,Foggy,Poor,High,0
400,Low,Clear,Fair,Medium,0
24,Medium,Clear,Good,Medium,0
265,Low,Clear,Fair,Low,0
297,Low,Rainy,Good,Medium,0
426,Low,Clear,Poor,Medium,0
260,Medium,Foggy,Poor,Low,1
226,High,Clear,Good,High,0
397,Low,Foggy,Good,Low,1
230,High,Clear,Fair,Medium,0
57,Low,Foggy,Good,Low,0
432,High,Foggy,Good,Low,1
359,Medium,Clear,Good,Medium,0
346,Medium,Clear,Fair,Medium,1
368,Low,Foggy,Good,Low,1
284,High,Stormy,Poor,Medium,1
85,Medium,Rainy,Fair,Medium,0
206,Low,Stormy,Fair,Medium,0
162,Low,Stormy,Poor,Medium,0
124,Medium,Clear,Poor,Medium,0
63,Medium,Rainy,Poor,Medium,0
498,Low,Stormy,Good,High,0
219,High,Clear,Poor,Low,1
132,High,Stormy,Good,Medium,0
228,High,Stormy,Fair,Low,1
213,Low,Clear,Fair,High,0
374,Medium,Clear,Poor,Medium,0
119,Low,Clear,Good,Low,0
213,Medium,Rainy,Poor,Medium,0
18,High,Stormy,Poor,Medium,1
13,High,Clear,Good,Medium,0
44,Medium,Foggy,Poor,Medium,1
454,Medium,Stormy,Fair,Medium,1
241,Low,Foggy,Poor,Medium,1
285,High,Rainy,Good,Medium,0
363,Low,Clear,Good,High,0
205,Low,Foggy,Fair,High,1
250,Low,Rainy,Good,Medium,0
282,High,Clear,Good,Medium,0
239,Low,Foggy,Fair,High,0
498,Low,Foggy,Poor,High,1
8,Low,Rainy,Fair,High,0
158,Low,Clear,Poor,Medium,0
446,Low,Clear,Fair,Low,0
33,Low,Foggy,Poor,Low,1
113,High,Foggy,Fair,Low,1
102,Low,Foggy,Poor,Low,1
219,Medium,Clear,Fair,Medium,0
297,Low,Rainy,Poor,Low,0
79,Low,Rainy,Fair,High,0
330,High,Clear,Good,High,0
150,High,Stormy,Poor,Low,1
132,Medium,Rainy,Fair,High,0
345,Medium,Foggy,Poor,Medium,1
46,High,Stormy,Poor,Low,1
360,High,Stormy,Fair,Low,1
45,Low,Rainy,Poor,Medium,0
426,High,Stormy,Fair,High,1
38,Medium,Stormy,Good,Medium,0
21,Low,Rainy,Poor,Medium,0
169,Medium,Rainy,Good,High,0
157,Low,Stormy,Poor,Medium,1
490,High,Foggy,Poor,High,1
382,Medium,Clear,Poor,High,1
80,Low,Stormy,Fair,Medium,0
91,Low,Stormy,Good,High,0
121,High,Foggy,Poor,Medium,1
366,High,Stormy,Fair,High,1
346,High,Stormy,Poor,Low,1
473,Medium,Clear,Fair,High,0
31,Low,Clear,Poor,High,0
317,High,Clear,Good,Medium,1
291,Medium,Rainy,Good,High,0
138,Medium,Rainy,Poor,Low,1
223,Medium,Clear,Fair,Low,0
172,High,Clear,Poor,High,0
102,High,Rainy,Fair,High,0
272,Low,Foggy,Poor,Low,1
241,Low,Stormy,Fair,Medium,0
313,High,Stormy,Good,Low,1
459,Medium,Clear,Poor,Low,1
398,Medium,Foggy,Good,High,1
177,Medium,Rainy,Good,High,0
405,Low,Clear,Poor,Low,1
414,Medium,Foggy,Poor,Medium,1
473,Low,Foggy,Fair,Low,1
480,Low,Foggy,Fair,Low,1
194,Medium,Rainy,Good,Medium,0
126,Medium,Rainy,Fair,Low,1
50,High,Stormy,Fair,Low,1
68,High,Stormy,Poor,High,1
134,Medium,Foggy,Fair,Medium,0
314,Low,Foggy,Good,High,0
367,Low,Rainy,Fair,High,1
197,Low,Stormy,Good,Medium,0
311,Low,Foggy,Poor,Medium,1
185,Low,Stormy,Good,Low,0
296,High,Stormy,Fair,High,1
375,Medium,Foggy,Poor,Medium,1
286,High,Rainy,Fair,High,0
33,Low,Foggy,Poor,High,0
153,Low,Foggy,Poor,Medium,1
271,Low,Stormy,Fair,Low,1
300,Low,Foggy,Fair,High,0
15,Medium,Rainy,Poor,Medium,1
168,Low,Foggy,Poor,Low,1
117,Medium,Rainy,Fair,High,0
191,Low,Rainy,Good,Medium,0
299,Medium,Stormy,Fair,High,1
236,High,Clear,Poor,Medium,1
231,Low,Clear,Fair,Medium,0
314,Medium,Stormy,Good,High,1
102,High,Foggy,Fair,High,1
59,Low,Stormy,Poor,Medium,1
115,Low,Rainy,Fair,Low,0
156,Low,Clear,Poor,High,0
250,Medium,Stormy,Poor,Medium,1
410,Medium,Foggy,Fair,Medium,1
73,High,Stormy,Poor,Low,1
316,Medium,Clear,Poor,Low,1
293,Medium,Stormy,Good,Low,0
254,Low,Stormy,Good,High,0
40,Low,Clear,Good,Medium,0
243,Low,Rainy,Good,Medium,0
152,Low,Rainy,Poor,Medium,0
471,Low,Clear,Fair,Low,0
231,Low,Stormy,Poor,Medium,0
248,Low,Clear,Poor,High,0
495,High,Rainy,Poor,Low,1
341,High,Foggy,Fair,Low,1
450,High,Stormy,Good,Low,1
369,High,Rainy,Poor,Low,1
495,Low,Stormy,Poor,High,1
486,High,Clear,Good,Medium,0
205,Low,Foggy,Poor,High,1
158,High,Clear,Fair,Medium,0
454,Medium,Foggy,Poor,High,1
77,High,Stormy,Poor,Low,1
205,High,Stormy,Good,Low,1
300,Low,Clear,Poor,High,0
21,High,Foggy,Poor,High,1
133,Medium,Foggy,Fair,Medium,0
221,Low,Stormy,Good,High,0
65,Low,Clear,Good,High,0
431,High,Foggy,Fair,Medium,1
108,Low,Stormy,Poor,Medium,0
46,Low,Rainy,Good,Medium,0
29,Low,Clear,Good,High,0
43,Low,Rainy,Poor,Medium,0
295,Low,Clear,Poor,Low,0
135,Low,Stormy,Good,Low,0
233,Medium,Foggy,Poor,Low,1
112,High,Foggy,Good,High,0
176,Medium,Foggy,Poor,Low,1
439,Low,Clear,Poor,High,0
482,Low,Stormy,Fair,High,0
106,High,Rainy,Poor,Low,1
358,Medium,Stormy,Fair,Medium,1
16,High,Rainy,Poor,High,0
279,Medium,Clear,Good,Low,0
105,Low,Clear,Good,High,0
48,High,Rainy,Poor,Medium,1
447,High,Rainy,Poor,Medium,1
309,Low,Rainy,Good,Low,1
449,High,Stormy,Poor,High,1
21,Medium,Rainy,Fair,High,0
334,Medium,Clear,Fair,High,0
61,Medium,Clear,Fair,High,0
315,Medium,Foggy,Fair,Low,1
307,Low,Rainy,Fair,Medium,0
16,High,Stormy,Poor,Low,1
322,Medium,Stormy,Poor,High,1
84,Low,Stormy,Fair,High,0
220,High,Foggy,Poor,Medium,1
343,High,Clear,Poor,High,1
268,Low,Stormy,Fair,Low,1
483,Low,Clear,Poor,Low,0
153,Medium,Foggy,Poor,Medium,1
85,High,Rainy,Poor,Low,1
219,High,Rainy,Fair,Low,1
489,Low,Rainy,Poor,Low,1
378,High,Stormy,Good,Low,1
468,Medium,Rainy,Good,High,0
202,High,Stormy,Fair,Low,1
204,Low,Foggy,Good,Medium,0
29,Low,Foggy,Fair,Medium,0
470,Medium,Stormy,Good,Low,1
93,Medium,Clear,Good,Medium,0
272,High,Rainy,Good,Low,1
147,High,Rainy,Fair,Medium,1
63,Low,Rainy,Fair,Medium,0
414,Medium,Stormy,Poor,Low,1
493,Medium,Foggy,Fair,Low,1
369,Medium,Rainy,Good,High,0
30,High,Foggy,Good,Low,1
51,Medium,Rainy,Fair,Low,1
292,Low,Rainy,Fair,High,0
270,Low,Stormy,Fair,Low,1
20,High,Clear,Poor,Low,1
203,High,Stormy,Good,High,0
405,Medium,Rainy,Poor,Low,1
411,High,Rainy,Poor,Low,1
286,Low,Clear,Good,High,0
473,Medium,Foggy,Good,High,0
90,Low,Foggy,Fair,Medium,0
254,Medium,Rainy,Fair,Low,1
395,High,Foggy,Poor,Medium,1
274,Medium,Rainy,Fair,Medium,0
339,Medium,Clear,Fair,High,1
121,Low,Clear,Good,Low,0
11,Low,Rainy,Good,Low,0
141,Medium,Clear,Fair,High,0
375,High,Stormy,Good,Medium,1
180,High,Stormy,Fair,High,1
332,Low,Clear,Good,Low,0
319,High,Rainy,Good,High,1
219,Low,Rainy,Good,Low,0
481,High,Clear,Good,Medium,1
86,Medium,Foggy,Fair,Low,0
227,Low,Stormy,Poor,Medium,0
482,Low,Foggy,Good,Medium,1
376,Medium,Rainy,Fair,Low,1
427,Low,Rainy,Fair,Low,1
487,High,Foggy,Good,Medium,1
406,High,Clear,Poor,High,1
447,Low,Foggy,Good,Low,1
494,High,Foggy,Fair,Medium,1
107,Low,Stormy,Poor,Medium,1
277,Medium,Stormy,Fair,High,1
18,Low,Foggy,Good,Low,0
163,Medium,Foggy,Poor,Medium,1
156,High,Rainy,Fair,High,1
487,Medium,Stormy,Fair,Medium,1
112,High,Stormy,Fair,Low,1
192,Low,Rainy,Good,High,0
305,High,Clear,Poor,Medium,1
102,Low,Stormy,Good,High,0
135,Low,Stormy,Good,Low,0
297,Medium,Clear,Good,High,0
175,Medium,Stormy,Poor,Low,1
428,Medium,Stormy,Good,Medium,0
478,Medium,Clear,Good,Low,0
187,High,Clear,Good,Medium,0
475,High,Foggy,Good,Medium,1
368,High,Rainy,Fair,Low,1
43,Low,Rainy,Good,Medium,0
19,High,Clear,Fair,High,0
380,High,Clear,Good,Medium,1
8,High,Stormy,Poor,Low,1
353,Medium,Foggy,Fair,High,1
474,High,Foggy,Fair,High,1
413,Low,Clear,Fair,Medium,0
401,Medium,Stormy,Fair,Medium,1
